{"schemaVersion":"1.0","appDefinitionTemplate":{"id":"/providers/Microsoft.PowerApps/apps/","type":"Microsoft.PowerApps/apps","tags":{"primaryDeviceWidth":"640","primaryDeviceHeight":"1136","supportsPortrait":"true","supportsLandscape":"true","primaryFormFactor":"Phone","showStatusBar":"false","publisherVersion":"3.25035.12","minimumRequiredApiVersion":"2.2.0","hasComponent":"false","hasUnlockedComponent":"false","isUnifiedRootApp":"false","sienaVersion":"20250410T143854Z-3.25035.12.0"},"properties":{"appVersion":"2025-04-10T14:38:54Z","lifeCycleId":"Published","createdByClientVersion":{"major":3,"minor":25035,"build":12,"revision":0,"majorRevision":0,"minorRevision":0},"minClientVersion":{"major":3,"minor":25035,"build":12,"revision":0,"majorRevision":0,"minorRevision":0},"backgroundColor":"rgba(38, 61, 95, 1)","backgroundImageUri":"/11193016194023942420/N7134f6ec-bcfb-468f-9c31-a4049d70cbcf-logoSmallFile","displayName":"Office 365 Group Manager","description":"","commitMessage":"","appUris":{"documentUri":{"value":"/11193016194023942420/N031a834d-ea41-48f0-811b-40757dc7cdec-document.msapp"},"imageUris":[],"additionalUris":[{"isSolutionAware":false,"value":"/11193016194023942420/Nb963c639-b6b5-4256-bde1-6ceee56ef3d5-identity.json"}]},"createdTime":"0001-01-01T00:00:00Z","lastModifiedTime":"0001-01-01T00:00:00Z","sharedGroupsCount":0,"sharedUsersCount":0,"connectionReferences":{"aeb5b11a-76a8-4182-bc87-128ef3054476":{"id":"60c261a3-7545-44cd-b17c-011e7cf82525","displayName":"Office 365 Groups","iconUri":"https://conn-afd-prod-endpoint-bmc9bqahasf3grgk.b01.azurefd.net/releases/v1.0.1681/1.0.1681.3663/office365groups/icon.png","dataSources":["Office365Groups"],"dependencies":[],"dependents":[],"parameterHints":{},"parameterHintsV2":{},"isOnPremiseConnection":false,"bypassConsent":false,"dataSets":{},"apiTier":"Standard","isCustomApiConnection":false,"actions":["ListOwnedGroups_V2","AddMemberToGroup","ListGroupMembers","RemoveMemberFromGroup"]},"6bd3ba2b-a174-4e6b-8249-0b5f7c014c07":{"id":"8e48982f-3933-4a89-83c6-fd21022725de","displayName":"Office 365 Users","iconUri":"https://conn-afd-prod-endpoint-bmc9bqahasf3grgk.b01.azurefd.net/releases/v1.0.1735/1.0.1735.4103/office365users/icon.png","dataSources":["Office365Users"],"dependencies":[],"dependents":[],"parameterHints":{},"parameterHintsV2":{},"isOnPremiseConnection":false,"bypassConsent":false,"dataSets":{},"apiTier":"Standard","isCustomApiConnection":false,"actions":["SearchUserV2","UserPhoto_V2"]}},"databaseReferences":{},"almMode":"Environment","performanceOptimizationEnabled":true,"canConsumeAppPass":true,"enableModernRuntimeMode":false,"executionRestrictions":{"isTeamsOnly":false,"dataLossPreventionEvaluationResult":{"status":"Compliant","lastEvaluationDate":"2025-04-10T12:10:22.2011572Z","violations":[],"violationsByPolicy":[],"violationErrorMessage":"The app uses the following connectors: shared_office365groups, shared_office365users."}}},"isAppComponentLibrary":false,"appType":"ClassicCanvasApp","appComponents":[]}}