{"schemaVersion":"1.0","appDefinitionTemplate":{"id":"/providers/Microsoft.PowerApps/apps/","type":"Microsoft.PowerApps/apps","tags":{"primaryDeviceWidth":"1366","primaryDeviceHeight":"768","supportsPortrait":"true","supportsLandscape":"true","primaryFormFactor":"Tablet","showStatusBar":"false","publisherVersion":"3.24062.17","minimumRequiredApiVersion":"2.2.0","hasComponent":"false","hasUnlockedComponent":"false","isUnifiedRootApp":"false","offlineLargeFilesSupport":"false","sienaVersion":"20240621T141648Z-3.24062.17.0"},"properties":{"appVersion":"2024-06-21T14:16:48Z","lifeCycleId":"Published","createdByClientVersion":{"major":3,"minor":24062,"build":17,"revision":0,"majorRevision":0,"minorRevision":0},"minClientVersion":{"major":3,"minor":24062,"build":17,"revision":0,"majorRevision":0,"minorRevision":0},"backgroundColor":"rgba(38, 61, 95, 1)","backgroundImageUri":"/4012276817036360049/N7b42b49b-1aac-49b1-a31b-81dc3c9ece7b-logoSmallFile","displayName":"GroupManager","description":"","commitMessage":"","appUris":{"documentUri":{"value":"/4012276817036360049/N14e5236f-691b-44c8-a6e9-f41b56e89863-document.msapp"},"imageUris":[],"additionalUris":[{"isSolutionAware":false,"value":"/4012276817036360049/Nf49cc0f3-69cf-47b6-b147-c7454e51c2b6-identity.json"}]},"createdTime":"0001-01-01T00:00:00Z","lastModifiedTime":"0001-01-01T00:00:00Z","sharedGroupsCount":0,"sharedUsersCount":0,"connectionReferences":{"1dabd11a-209d-46ca-b146-a255f6918a29":{"id":"60c261a3-7545-44cd-b17c-011e7cf82525","displayName":"Office 365 Groups","iconUri":"https://connectoricons-prod.azureedge.net/releases/v1.0.1681/1.0.1681.3663/office365groups/icon.png","dataSources":["Office365Groups"],"dependencies":[],"dependents":[],"parameterHints":{},"parameterHintsV2":{},"isOnPremiseConnection":false,"bypassConsent":false,"dataSets":{},"apiTier":"Standard","isCustomApiConnection":false,"actions":["ListOwnedGroups_V2","ListGroupMembers","RemoveMemberFromGroup","AddMemberToGroup"]},"a2d8d9ce-aeb3-4b1c-a66b-062ff1619ff1":{"id":"8e48982f-3933-4a89-83c6-fd21022725de","displayName":"Office 365 Users","iconUri":"https://connectoricons-prod.azureedge.net/releases/v1.0.1694/1.0.1694.3752/office365users/icon.png","dataSources":["Office365Users"],"dependencies":[],"dependents":[],"parameterHints":{},"parameterHintsV2":{},"isOnPremiseConnection":false,"bypassConsent":false,"dataSets":{},"apiTier":"Standard","isCustomApiConnection":false,"actions":["SearchUserV2"]}},"databaseReferences":{},"almMode":"Solution","performanceOptimizationEnabled":true,"canConsumeAppPass":true,"enableModernRuntimeMode":false,"executionRestrictions":{"isTeamsOnly":false,"dataLossPreventionEvaluationResult":{"status":"Compliant","lastEvaluationDate":"2024-03-04T11:14:19.5600059Z","violations":[],"violationsByPolicy":[],"violationErrorMessage":"The app uses the following connectors: shared_office365groups, shared_office365users."}}},"appType":"ClassicCanvasApp","appComponents":[]}}